client_id,message_id,response_time_ms,leaf_node,category
1,TestClient-1-74288b44-30ac-4c75-a146-4afa6a747ef5-c382dd26-c2f1-475c-92bd-30d12911092d,0.5078315734863281,LN2,Same Super-Peer
1,TestClient-1-74288b44-30ac-4c75-a146-4afa6a747ef5-c382dd26-c2f1-475c-92bd-30d12911092d,7.475614547729492,LN3,Different Super-Peer
1,TestClient-1-74288b44-30ac-4c75-a146-4afa6a747ef5-58a53b37-857b-4442-ba11-b9e323b735d7,0.0,LN2,Same Super-Peer
1,TestClient-1-74288b44-30ac-4c75-a146-4afa6a747ef5-58a53b37-857b-4442-ba11-b9e323b735d7,5.00941276550293,LN3,Different Super-Peer
1,TestClient-1-74288b44-30ac-4c75-a146-4afa6a747ef5-d3a27f4d-b1cc-4c3a-9c35-d11c6f2d0c92,0.1366138458251953,LN2,Same Super-Peer
1,TestClient-1-74288b44-30ac-4c75-a146-4afa6a747ef5-d3a27f4d-b1cc-4c3a-9c35-d11c6f2d0c92,4.589319229125977,LN3,Different Super-Peer
1,TestClient-1-74288b44-30ac-4c75-a146-4afa6a747ef5-6086a006-e6f1-496d-a3ec-0edad1a228ed,0.5030632019042969,LN2,Same Super-Peer
1,TestClient-1-74288b44-30ac-4c75-a146-4afa6a747ef5-6086a006-e6f1-496d-a3ec-0edad1a228ed,2.126455307006836,LN3,Different Super-Peer
1,TestClient-1-74288b44-30ac-4c75-a146-4afa6a747ef5-b0b17024-f110-43c6-bfcc-bf05699d6af2,0.14495849609375,LN2,Same Super-Peer
1,TestClient-1-74288b44-30ac-4c75-a146-4afa6a747ef5-b0b17024-f110-43c6-bfcc-bf05699d6af2,1.7271041870117188,LN3,Different Super-Peer
1,TestClient-1-74288b44-30ac-4c75-a146-4afa6a747ef5-f6763b4f-c3d8-44a1-a094-743e07ce2f10,0.2317428588867187,LN2,Same Super-Peer
1,TestClient-1-74288b44-30ac-4c75-a146-4afa6a747ef5-f6763b4f-c3d8-44a1-a094-743e07ce2f10,1.7821788787841797,LN3,Different Super-Peer
1,TestClient-1-74288b44-30ac-4c75-a146-4afa6a747ef5-618382ef-7567-4edf-b160-d44e2efa486f,0.2353191375732422,LN2,Same Super-Peer
1,TestClient-1-74288b44-30ac-4c75-a146-4afa6a747ef5-618382ef-7567-4edf-b160-d44e2efa486f,1.2598037719726562,LN3,Different Super-Peer
1,TestClient-1-74288b44-30ac-4c75-a146-4afa6a747ef5-7588cf46-f3f1-4cc5-b4c3-e390ce3aced1,0.1943111419677734,LN2,Same Super-Peer
1,TestClient-1-74288b44-30ac-4c75-a146-4afa6a747ef5-7588cf46-f3f1-4cc5-b4c3-e390ce3aced1,5.687713623046875,LN3,Different Super-Peer
1,TestClient-1-74288b44-30ac-4c75-a146-4afa6a747ef5-4fe09ad3-0ef5-4cce-a755-8158570ad79c,0.2412796020507812,LN2,Same Super-Peer
1,TestClient-1-74288b44-30ac-4c75-a146-4afa6a747ef5-4fe09ad3-0ef5-4cce-a755-8158570ad79c,6.162643432617188,LN3,Different Super-Peer
1,TestClient-1-74288b44-30ac-4c75-a146-4afa6a747ef5-3762af95-0e17-494c-8fce-9c53a79b9920,0.5064010620117188,LN2,Same Super-Peer
1,TestClient-1-74288b44-30ac-4c75-a146-4afa6a747ef5-3762af95-0e17-494c-8fce-9c53a79b9920,2.136707305908203,LN3,Different Super-Peer
1,TestClient-1-74288b44-30ac-4c75-a146-4afa6a747ef5-63f80bcf-68ac-4804-9ad1-621c3808fce9,0.5064010620117188,LN2,Same Super-Peer
1,TestClient-1-74288b44-30ac-4c75-a146-4afa6a747ef5-63f80bcf-68ac-4804-9ad1-621c3808fce9,2.090930938720703,LN3,Different Super-Peer
1,TestClient-1-74288b44-30ac-4c75-a146-4afa6a747ef5-e62dd936-fee5-4f8b-97b9-13fce88686d6,0.5042552947998047,LN2,Same Super-Peer
1,TestClient-1-74288b44-30ac-4c75-a146-4afa6a747ef5-e62dd936-fee5-4f8b-97b9-13fce88686d6,2.067089080810547,LN3,Different Super-Peer
1,TestClient-1-74288b44-30ac-4c75-a146-4afa6a747ef5-a3dc3e0b-1cc0-4ba2-9c9e-e69151896d81,0.1838207244873047,LN2,Same Super-Peer
1,TestClient-1-74288b44-30ac-4c75-a146-4afa6a747ef5-a3dc3e0b-1cc0-4ba2-9c9e-e69151896d81,1.7359256744384766,LN3,Different Super-Peer
1,TestClient-1-74288b44-30ac-4c75-a146-4afa6a747ef5-044b6ec7-c757-4463-b9f3-a53b27ed4bff,0.2458095550537109,LN2,Same Super-Peer
1,TestClient-1-74288b44-30ac-4c75-a146-4afa6a747ef5-044b6ec7-c757-4463-b9f3-a53b27ed4bff,2.941608428955078,LN3,Different Super-Peer
1,TestClient-1-74288b44-30ac-4c75-a146-4afa6a747ef5-ea9ca0db-0cdf-4697-90d0-4202f666622a,0.2076625823974609,LN2,Same Super-Peer
1,TestClient-1-74288b44-30ac-4c75-a146-4afa6a747ef5-ea9ca0db-0cdf-4697-90d0-4202f666622a,1.7511844635009766,LN3,Different Super-Peer
1,TestClient-1-74288b44-30ac-4c75-a146-4afa6a747ef5-d0dd65e3-e0bf-4c39-a251-2cbf6f90ac02,0.1885890960693359,LN2,Same Super-Peer
1,TestClient-1-74288b44-30ac-4c75-a146-4afa6a747ef5-d0dd65e3-e0bf-4c39-a251-2cbf6f90ac02,2.8281211853027344,LN3,Different Super-Peer
1,TestClient-1-74288b44-30ac-4c75-a146-4afa6a747ef5-6e2bafcf-03ee-49e7-8e2d-f914b5a7b9d8,0.0,LN2,Same Super-Peer
1,TestClient-1-74288b44-30ac-4c75-a146-4afa6a747ef5-6e2bafcf-03ee-49e7-8e2d-f914b5a7b9d8,1.0900497436523438,LN3,Different Super-Peer
1,TestClient-1-74288b44-30ac-4c75-a146-4afa6a747ef5-437fb6d2-c4e7-461a-b4dd-fe46a1a74c4b,0.0,LN2,Same Super-Peer
1,TestClient-1-74288b44-30ac-4c75-a146-4afa6a747ef5-437fb6d2-c4e7-461a-b4dd-fe46a1a74c4b,2.072334289550781,LN3,Different Super-Peer
1,TestClient-1-74288b44-30ac-4c75-a146-4afa6a747ef5-71f2b496-aa21-4529-a4a5-0366b3db6500,0.2331733703613281,LN2,Same Super-Peer
1,TestClient-1-74288b44-30ac-4c75-a146-4afa6a747ef5-71f2b496-aa21-4529-a4a5-0366b3db6500,1.2674331665039062,LN3,Different Super-Peer
1,TestClient-1-74288b44-30ac-4c75-a146-4afa6a747ef5-c5c133e3-886c-41d4-a6fa-9ac3da8554db,0.4034042358398437,LN2,Same Super-Peer
1,TestClient-1-74288b44-30ac-4c75-a146-4afa6a747ef5-c5c133e3-886c-41d4-a6fa-9ac3da8554db,1.951456069946289,LN3,Different Super-Peer
1,TestClient-1-74288b44-30ac-4c75-a146-4afa6a747ef5-e7be87ab-11d4-4400-ab60-4200fef396e4,0.1583099365234375,LN2,Same Super-Peer
1,TestClient-1-74288b44-30ac-4c75-a146-4afa6a747ef5-e7be87ab-11d4-4400-ab60-4200fef396e4,2.876520156860352,LN3,Different Super-Peer
1,TestClient-1-74288b44-30ac-4c75-a146-4afa6a747ef5-833cc674-a6c1-4525-a05e-8077dbc662e3,0.1919269561767578,LN2,Same Super-Peer
1,TestClient-1-74288b44-30ac-4c75-a146-4afa6a747ef5-833cc674-a6c1-4525-a05e-8077dbc662e3,1.7440319061279297,LN3,Different Super-Peer
1,TestClient-1-74288b44-30ac-4c75-a146-4afa6a747ef5-bdc2db12-51db-4b12-a2b3-32fe386f2ceb,0.2751350402832031,LN2,Same Super-Peer
1,TestClient-1-74288b44-30ac-4c75-a146-4afa6a747ef5-bdc2db12-51db-4b12-a2b3-32fe386f2ceb,1.293182373046875,LN3,Different Super-Peer
1,TestClient-1-74288b44-30ac-4c75-a146-4afa6a747ef5-6b988679-7e9c-4f55-9bbe-c31ac3522767,0.1566410064697265,LN2,Same Super-Peer
1,TestClient-1-74288b44-30ac-4c75-a146-4afa6a747ef5-6b988679-7e9c-4f55-9bbe-c31ac3522767,1.188516616821289,LN3,Different Super-Peer
1,TestClient-1-74288b44-30ac-4c75-a146-4afa6a747ef5-0cce77b3-e508-4e2c-9d4d-dc0b884480ab,0.2381801605224609,LN2,Same Super-Peer
1,TestClient-1-74288b44-30ac-4c75-a146-4afa6a747ef5-0cce77b3-e508-4e2c-9d4d-dc0b884480ab,1.259565353393555,LN3,Different Super-Peer
1,TestClient-1-74288b44-30ac-4c75-a146-4afa6a747ef5-51904cfb-4db7-4ef8-aa46-d4e55a4d177c,0.2305507659912109,LN2,Same Super-Peer
1,TestClient-1-74288b44-30ac-4c75-a146-4afa6a747ef5-51904cfb-4db7-4ef8-aa46-d4e55a4d177c,1.2447834014892578,LN3,Different Super-Peer
1,TestClient-1-74288b44-30ac-4c75-a146-4afa6a747ef5-90e007e9-d133-4103-bd06-497a4af1627e,0.166177749633789,LN2,Same Super-Peer
1,TestClient-1-74288b44-30ac-4c75-a146-4afa6a747ef5-90e007e9-d133-4103-bd06-497a4af1627e,1.7192363739013672,LN3,Different Super-Peer
1,TestClient-1-74288b44-30ac-4c75-a146-4afa6a747ef5-7217efe9-cfbc-4807-a3ce-a783dfd47bbd,0.5090236663818359,LN2,Same Super-Peer
1,TestClient-1-74288b44-30ac-4c75-a146-4afa6a747ef5-7217efe9-cfbc-4807-a3ce-a783dfd47bbd,3.3597946166992188,LN3,Different Super-Peer
1,TestClient-1-74288b44-30ac-4c75-a146-4afa6a747ef5-f11c951c-169a-4675-bebc-1464d5d7d12b,0.5056858062744141,LN2,Same Super-Peer
1,TestClient-1-74288b44-30ac-4c75-a146-4afa6a747ef5-f11c951c-169a-4675-bebc-1464d5d7d12b,5.686759948730469,LN3,Different Super-Peer
1,TestClient-1-74288b44-30ac-4c75-a146-4afa6a747ef5-3d5bfd4b-50ba-4409-b873-7d68c91456a6,0.2126693725585937,LN2,Same Super-Peer
1,TestClient-1-74288b44-30ac-4c75-a146-4afa6a747ef5-3d5bfd4b-50ba-4409-b873-7d68c91456a6,4.051923751831055,LN3,Different Super-Peer
1,TestClient-1-74288b44-30ac-4c75-a146-4afa6a747ef5-beac3035-8663-4d8c-beae-19e77d780b98,0.2095699310302734,LN2,Same Super-Peer
1,TestClient-1-74288b44-30ac-4c75-a146-4afa6a747ef5-beac3035-8663-4d8c-beae-19e77d780b98,1.234292984008789,LN3,Different Super-Peer
1,TestClient-1-74288b44-30ac-4c75-a146-4afa6a747ef5-64d0e0a9-ed1e-4aed-82c8-a452a2969f3e,0.1935958862304687,LN2,Same Super-Peer
1,TestClient-1-74288b44-30ac-4c75-a146-4afa6a747ef5-64d0e0a9-ed1e-4aed-82c8-a452a2969f3e,1.2149810791015625,LN3,Different Super-Peer
1,TestClient-1-74288b44-30ac-4c75-a146-4afa6a747ef5-be7daa84-d673-4db5-b796-03098066e052,0.1804828643798828,LN2,Same Super-Peer
1,TestClient-1-74288b44-30ac-4c75-a146-4afa6a747ef5-be7daa84-d673-4db5-b796-03098066e052,1.7197132110595703,LN3,Different Super-Peer
1,TestClient-1-74288b44-30ac-4c75-a146-4afa6a747ef5-7f528519-4fe3-492b-946a-e1a83c5fed79,0.2224445343017578,LN2,Same Super-Peer
1,TestClient-1-74288b44-30ac-4c75-a146-4afa6a747ef5-7f528519-4fe3-492b-946a-e1a83c5fed79,2.3040771484375,LN3,Different Super-Peer
1,TestClient-1-74288b44-30ac-4c75-a146-4afa6a747ef5-fe9c73aa-7be6-4d24-8362-64669d53a2f7,0.2264976501464843,LN2,Same Super-Peer
1,TestClient-1-74288b44-30ac-4c75-a146-4afa6a747ef5-fe9c73aa-7be6-4d24-8362-64669d53a2f7,1.2509822845458984,LN3,Different Super-Peer
1,TestClient-1-74288b44-30ac-4c75-a146-4afa6a747ef5-03ddf9e6-4747-4a3d-95fd-d44d69e39707,0.2031326293945312,LN2,Same Super-Peer
1,TestClient-1-74288b44-30ac-4c75-a146-4afa6a747ef5-03ddf9e6-4747-4a3d-95fd-d44d69e39707,1.232147216796875,LN3,Different Super-Peer
1,TestClient-1-74288b44-30ac-4c75-a146-4afa6a747ef5-c3d72a6c-e7e0-4c25-b815-5256ffe3ee14,0.5025863647460938,LN2,Same Super-Peer
1,TestClient-1-74288b44-30ac-4c75-a146-4afa6a747ef5-c3d72a6c-e7e0-4c25-b815-5256ffe3ee14,2.855062484741211,LN3,Different Super-Peer
1,TestClient-1-74288b44-30ac-4c75-a146-4afa6a747ef5-84d28e80-bc7d-4b59-a45d-a13e1e7d9299,0.1633167266845703,LN2,Same Super-Peer
1,TestClient-1-74288b44-30ac-4c75-a146-4afa6a747ef5-84d28e80-bc7d-4b59-a45d-a13e1e7d9299,1.706838607788086,LN3,Different Super-Peer
1,TestClient-1-74288b44-30ac-4c75-a146-4afa6a747ef5-28dfe80a-e886-4a00-8031-fb1840d4706d,0.1397132873535156,LN2,Same Super-Peer
1,TestClient-1-74288b44-30ac-4c75-a146-4afa6a747ef5-28dfe80a-e886-4a00-8031-fb1840d4706d,1.6870498657226562,LN3,Different Super-Peer
1,TestClient-1-74288b44-30ac-4c75-a146-4afa6a747ef5-25d8830f-75bd-4616-bc18-ac4d6e6d5f7b,0.1733303070068359,LN2,Same Super-Peer
1,TestClient-1-74288b44-30ac-4c75-a146-4afa6a747ef5-25d8830f-75bd-4616-bc18-ac4d6e6d5f7b,2.356290817260742,LN3,Different Super-Peer
1,TestClient-1-74288b44-30ac-4c75-a146-4afa6a747ef5-3c7c8956-027c-41c4-881e-4931520b21b7,0.1378059387207031,LN2,Same Super-Peer
1,TestClient-1-74288b44-30ac-4c75-a146-4afa6a747ef5-3c7c8956-027c-41c4-881e-4931520b21b7,1.674652099609375,LN3,Different Super-Peer
1,TestClient-1-74288b44-30ac-4c75-a146-4afa6a747ef5-91304e4b-20b8-4c2b-a265-7cff9e7f4368,0.5078315734863281,LN2,Same Super-Peer
1,TestClient-1-74288b44-30ac-4c75-a146-4afa6a747ef5-91304e4b-20b8-4c2b-a265-7cff9e7f4368,1.5478134155273438,LN3,Different Super-Peer
1,TestClient-1-74288b44-30ac-4c75-a146-4afa6a747ef5-2c305fe6-75ef-48b5-922b-fac0779e81f6,0.0,LN2,Same Super-Peer
1,TestClient-1-74288b44-30ac-4c75-a146-4afa6a747ef5-2c305fe6-75ef-48b5-922b-fac0779e81f6,2.15005874633789,LN3,Different Super-Peer
1,TestClient-1-74288b44-30ac-4c75-a146-4afa6a747ef5-d08a73a2-2a7d-4722-b8e2-e6e1810c015f,0.0,LN2,Same Super-Peer
1,TestClient-1-74288b44-30ac-4c75-a146-4afa6a747ef5-d08a73a2-2a7d-4722-b8e2-e6e1810c015f,2.6395320892333984,LN3,Different Super-Peer
1,TestClient-1-74288b44-30ac-4c75-a146-4afa6a747ef5-76227b55-c7b2-4ca3-ba4a-82cc3852230b,0.1373291015625,LN2,Same Super-Peer
1,TestClient-1-74288b44-30ac-4c75-a146-4afa6a747ef5-76227b55-c7b2-4ca3-ba4a-82cc3852230b,1.7681121826171875,LN3,Different Super-Peer
1,TestClient-1-74288b44-30ac-4c75-a146-4afa6a747ef5-754efcc2-2a17-4167-90ae-2ec797334866,0.2603530883789062,LN2,Same Super-Peer
1,TestClient-1-74288b44-30ac-4c75-a146-4afa6a747ef5-754efcc2-2a17-4167-90ae-2ec797334866,1.2974739074707031,LN3,Different Super-Peer
1,TestClient-1-74288b44-30ac-4c75-a146-4afa6a747ef5-1a9f114b-6c00-43c9-836c-0d3303ac7e11,0.2028942108154297,LN2,Same Super-Peer
1,TestClient-1-74288b44-30ac-4c75-a146-4afa6a747ef5-1a9f114b-6c00-43c9-836c-0d3303ac7e11,3.5920143127441406,LN3,Different Super-Peer
1,TestClient-1-74288b44-30ac-4c75-a146-4afa6a747ef5-288fef6b-2663-4e47-a1b2-e13a4db6f9a3,0.5071163177490234,LN2,Same Super-Peer
1,TestClient-1-74288b44-30ac-4c75-a146-4afa6a747ef5-288fef6b-2663-4e47-a1b2-e13a4db6f9a3,4.543781280517578,LN3,Different Super-Peer
1,TestClient-1-74288b44-30ac-4c75-a146-4afa6a747ef5-a661d4b7-ff02-4770-9ae1-2e84f09c29d8,0.0,LN2,Same Super-Peer
1,TestClient-1-74288b44-30ac-4c75-a146-4afa6a747ef5-a661d4b7-ff02-4770-9ae1-2e84f09c29d8,1.6241073608398438,LN3,Different Super-Peer
1,TestClient-1-74288b44-30ac-4c75-a146-4afa6a747ef5-c3e4c76f-743a-4e73-b000-26ba72eee3aa,0.5097389221191406,LN2,Same Super-Peer
1,TestClient-1-74288b44-30ac-4c75-a146-4afa6a747ef5-c3e4c76f-743a-4e73-b000-26ba72eee3aa,1.5728473663330078,LN3,Different Super-Peer
1,TestClient-1-74288b44-30ac-4c75-a146-4afa6a747ef5-30f89a7a-2ed0-4839-b762-c696759e6d08,0.1735687255859375,LN2,Same Super-Peer
1,TestClient-1-74288b44-30ac-4c75-a146-4afa6a747ef5-30f89a7a-2ed0-4839-b762-c696759e6d08,3.016233444213867,LN3,Different Super-Peer
1,TestClient-1-74288b44-30ac-4c75-a146-4afa6a747ef5-aec791f8-9c3f-4b4a-9d8e-d9313f532bc0,0.2255439758300781,LN2,Same Super-Peer
1,TestClient-1-74288b44-30ac-4c75-a146-4afa6a747ef5-aec791f8-9c3f-4b4a-9d8e-d9313f532bc0,1.855611801147461,LN3,Different Super-Peer
1,TestClient-1-74288b44-30ac-4c75-a146-4afa6a747ef5-6019f730-ef32-48f6-8b0e-528750993c98,0.2532005310058594,LN2,Same Super-Peer
1,TestClient-1-74288b44-30ac-4c75-a146-4afa6a747ef5-6019f730-ef32-48f6-8b0e-528750993c98,1.2972354888916016,LN3,Different Super-Peer
1,TestClient-1-74288b44-30ac-4c75-a146-4afa6a747ef5-5a9c6048-66fb-4f4c-a758-2f7b03fdefdc,0.1988410949707031,LN2,Same Super-Peer
1,TestClient-1-74288b44-30ac-4c75-a146-4afa6a747ef5-5a9c6048-66fb-4f4c-a758-2f7b03fdefdc,1.2526512145996094,LN3,Different Super-Peer
1,TestClient-1-74288b44-30ac-4c75-a146-4afa6a747ef5-9e723fb4-d8e9-4cf0-92e2-61e6b6306356,0.2458095550537109,LN2,Same Super-Peer
1,TestClient-1-74288b44-30ac-4c75-a146-4afa6a747ef5-9e723fb4-d8e9-4cf0-92e2-61e6b6306356,1.277923583984375,LN3,Different Super-Peer
1,TestClient-1-74288b44-30ac-4c75-a146-4afa6a747ef5-397d7cf7-ea47-4748-9405-e7ff9e42d7a8,0.0,LN2,Same Super-Peer
1,TestClient-1-74288b44-30ac-4c75-a146-4afa6a747ef5-397d7cf7-ea47-4748-9405-e7ff9e42d7a8,1.5697479248046875,LN3,Different Super-Peer
1,TestClient-1-74288b44-30ac-4c75-a146-4afa6a747ef5-d54b7045-73f4-4801-b2d8-c20a53fd075c,0.0,LN2,Same Super-Peer
1,TestClient-1-74288b44-30ac-4c75-a146-4afa6a747ef5-d54b7045-73f4-4801-b2d8-c20a53fd075c,1.0280609130859375,LN3,Different Super-Peer
1,TestClient-1-74288b44-30ac-4c75-a146-4afa6a747ef5-9d3cfd02-28d4-4b93-9ae8-dcf8d6de1607,0.223398208618164,LN2,Same Super-Peer
1,TestClient-1-74288b44-30ac-4c75-a146-4afa6a747ef5-9d3cfd02-28d4-4b93-9ae8-dcf8d6de1607,1.2433528900146484,LN3,Different Super-Peer
1,TestClient-1-74288b44-30ac-4c75-a146-4afa6a747ef5-bf5b6cd2-d396-4343-adcf-e82e136530db,0.2200603485107422,LN2,Same Super-Peer
1,TestClient-1-74288b44-30ac-4c75-a146-4afa6a747ef5-bf5b6cd2-d396-4343-adcf-e82e136530db,1.8434524536132808,LN3,Different Super-Peer
1,TestClient-1-74288b44-30ac-4c75-a146-4afa6a747ef5-e9e8a0ed-1a39-47da-902a-ec07d31563ac,0.2036094665527343,LN2,Same Super-Peer
1,TestClient-1-74288b44-30ac-4c75-a146-4afa6a747ef5-e9e8a0ed-1a39-47da-902a-ec07d31563ac,2.297639846801758,LN3,Different Super-Peer
1,TestClient-1-74288b44-30ac-4c75-a146-4afa6a747ef5-cabaa7da-ab13-4765-8bc7-7cdf879f83e8,0.0,LN2,Same Super-Peer
1,TestClient-1-74288b44-30ac-4c75-a146-4afa6a747ef5-cabaa7da-ab13-4765-8bc7-7cdf879f83e8,2.095460891723633,LN3,Different Super-Peer
1,TestClient-1-74288b44-30ac-4c75-a146-4afa6a747ef5-aa3fa73a-bb32-49ab-963f-98779f4f54f7,0.3709793090820312,LN2,Same Super-Peer
1,TestClient-1-74288b44-30ac-4c75-a146-4afa6a747ef5-aa3fa73a-bb32-49ab-963f-98779f4f54f7,3.133058547973633,LN3,Different Super-Peer
1,TestClient-1-74288b44-30ac-4c75-a146-4afa6a747ef5-c071c9a3-8ca5-4ba0-8b20-d7e1106b7df4,0.2303123474121093,LN2,Same Super-Peer
1,TestClient-1-74288b44-30ac-4c75-a146-4afa6a747ef5-c071c9a3-8ca5-4ba0-8b20-d7e1106b7df4,1.2547969818115234,LN3,Different Super-Peer
1,TestClient-1-74288b44-30ac-4c75-a146-4afa6a747ef5-967fb343-e075-425e-a800-d065525a8d2d,0.2343654632568359,LN2,Same Super-Peer
1,TestClient-1-74288b44-30ac-4c75-a146-4afa6a747ef5-967fb343-e075-425e-a800-d065525a8d2d,1.268625259399414,LN3,Different Super-Peer
1,TestClient-1-74288b44-30ac-4c75-a146-4afa6a747ef5-5706aae1-9587-4722-949d-fe6d8fb6c449,0.2169609069824218,LN2,Same Super-Peer
1,TestClient-1-74288b44-30ac-4c75-a146-4afa6a747ef5-5706aae1-9587-4722-949d-fe6d8fb6c449,1.2481212615966797,LN3,Different Super-Peer
1,TestClient-1-74288b44-30ac-4c75-a146-4afa6a747ef5-efb69ade-5383-4e93-860f-7084b3fc9550,0.0,LN2,Same Super-Peer
1,TestClient-1-74288b44-30ac-4c75-a146-4afa6a747ef5-efb69ade-5383-4e93-860f-7084b3fc9550,2.146005630493164,LN3,Different Super-Peer
1,TestClient-1-74288b44-30ac-4c75-a146-4afa6a747ef5-267c8332-25b4-4c6e-9b3d-e30bb9176b8b,0.1986026763916015,LN2,Same Super-Peer
1,TestClient-1-74288b44-30ac-4c75-a146-4afa6a747ef5-267c8332-25b4-4c6e-9b3d-e30bb9176b8b,2.499580383300781,LN3,Different Super-Peer
1,TestClient-1-74288b44-30ac-4c75-a146-4afa6a747ef5-0c76af0d-9e49-40ae-b02e-f70205d78d02,0.20599365234375,LN2,Same Super-Peer
1,TestClient-1-74288b44-30ac-4c75-a146-4afa6a747ef5-0c76af0d-9e49-40ae-b02e-f70205d78d02,1.2426376342773438,LN3,Different Super-Peer
1,TestClient-1-74288b44-30ac-4c75-a146-4afa6a747ef5-9d51be59-14d6-4f0b-bbf8-7e4fb486a295,0.0,LN2,Same Super-Peer
1,TestClient-1-74288b44-30ac-4c75-a146-4afa6a747ef5-9d51be59-14d6-4f0b-bbf8-7e4fb486a295,1.5616416931152344,LN3,Different Super-Peer
1,TestClient-1-74288b44-30ac-4c75-a146-4afa6a747ef5-c169a248-73c6-4c15-9cf4-365f100f15f6,0.5078315734863281,LN2,Same Super-Peer
1,TestClient-1-74288b44-30ac-4c75-a146-4afa6a747ef5-c169a248-73c6-4c15-9cf4-365f100f15f6,1.567840576171875,LN3,Different Super-Peer
1,TestClient-1-74288b44-30ac-4c75-a146-4afa6a747ef5-fd634564-6a7a-4a32-8515-8887681c43f1,0.2179145812988281,LN2,Same Super-Peer
1,TestClient-1-74288b44-30ac-4c75-a146-4afa6a747ef5-fd634564-6a7a-4a32-8515-8887681c43f1,1.7702579498291016,LN3,Different Super-Peer
1,TestClient-1-74288b44-30ac-4c75-a146-4afa6a747ef5-9dccab67-0af8-4d79-88d4-e38d76061ffd,0.1962184906005859,LN2,Same Super-Peer
1,TestClient-1-74288b44-30ac-4c75-a146-4afa6a747ef5-9dccab67-0af8-4d79-88d4-e38d76061ffd,1.8253326416015625,LN3,Different Super-Peer
1,TestClient-1-74288b44-30ac-4c75-a146-4afa6a747ef5-b343ad05-062d-4e0b-bed4-8303a926a5b5,0.2436637878417968,LN2,Same Super-Peer
1,TestClient-1-74288b44-30ac-4c75-a146-4afa6a747ef5-b343ad05-062d-4e0b-bed4-8303a926a5b5,6.893396377563477,LN3,Different Super-Peer
1,TestClient-1-74288b44-30ac-4c75-a146-4afa6a747ef5-9f169fd5-9e1a-4a49-96d4-b99c39d7fa03,0.5121231079101562,LN2,Same Super-Peer
1,TestClient-1-74288b44-30ac-4c75-a146-4afa6a747ef5-9f169fd5-9e1a-4a49-96d4-b99c39d7fa03,3.309965133666992,LN3,Different Super-Peer
1,TestClient-1-74288b44-30ac-4c75-a146-4afa6a747ef5-639e042a-ee12-4246-a99b-d35ee8b456cb,0.4186630249023437,LN2,Same Super-Peer
1,TestClient-1-74288b44-30ac-4c75-a146-4afa6a747ef5-639e042a-ee12-4246-a99b-d35ee8b456cb,3.742694854736328,LN3,Different Super-Peer
1,TestClient-1-74288b44-30ac-4c75-a146-4afa6a747ef5-a38a5478-cdad-4f36-a86e-78fa35727d5b,0.1542568206787109,LN2,Same Super-Peer
1,TestClient-1-74288b44-30ac-4c75-a146-4afa6a747ef5-a38a5478-cdad-4f36-a86e-78fa35727d5b,1.7077922821044922,LN3,Different Super-Peer
1,TestClient-1-74288b44-30ac-4c75-a146-4afa6a747ef5-076a9631-61d6-4d6d-a9cc-c730c7887d92,0.2422332763671875,LN2,Same Super-Peer
1,TestClient-1-74288b44-30ac-4c75-a146-4afa6a747ef5-076a9631-61d6-4d6d-a9cc-c730c7887d92,3.745317459106445,LN3,Different Super-Peer
1,TestClient-1-74288b44-30ac-4c75-a146-4afa6a747ef5-f73d2bd7-1039-4c72-a9a7-ac8ceafd79d5,0.0,LN2,Same Super-Peer
1,TestClient-1-74288b44-30ac-4c75-a146-4afa6a747ef5-f73d2bd7-1039-4c72-a9a7-ac8ceafd79d5,1.0218620300292969,LN3,Different Super-Peer
1,TestClient-1-74288b44-30ac-4c75-a146-4afa6a747ef5-2b889133-f4cc-4d61-9c88-417f356953be,0.0,LN2,Same Super-Peer
1,TestClient-1-74288b44-30ac-4c75-a146-4afa6a747ef5-2b889133-f4cc-4d61-9c88-417f356953be,2.2134780883789062,LN3,Different Super-Peer
1,TestClient-1-74288b44-30ac-4c75-a146-4afa6a747ef5-2465dbab-7130-4df3-9a58-d909f62138c0,0.5085468292236328,LN2,Same Super-Peer
1,TestClient-1-74288b44-30ac-4c75-a146-4afa6a747ef5-2465dbab-7130-4df3-9a58-d909f62138c0,1.5690326690673828,LN3,Different Super-Peer
1,TestClient-1-74288b44-30ac-4c75-a146-4afa6a747ef5-e3f20620-db3e-4595-9f5c-575943898719,0.7817745208740234,LN2,Same Super-Peer
1,TestClient-1-74288b44-30ac-4c75-a146-4afa6a747ef5-e3f20620-db3e-4595-9f5c-575943898719,6.928443908691406,LN3,Different Super-Peer
1,TestClient-1-74288b44-30ac-4c75-a146-4afa6a747ef5-12390db9-93e8-4771-96c4-16b6061441da,0.0,LN2,Same Super-Peer
1,TestClient-1-74288b44-30ac-4c75-a146-4afa6a747ef5-12390db9-93e8-4771-96c4-16b6061441da,2.7627944946289062,LN3,Different Super-Peer
1,TestClient-1-74288b44-30ac-4c75-a146-4afa6a747ef5-c5c9e44c-f938-4f8d-bb19-f946b8fc4746,0.0,LN2,Same Super-Peer
1,TestClient-1-74288b44-30ac-4c75-a146-4afa6a747ef5-c5c9e44c-f938-4f8d-bb19-f946b8fc4746,1.5659332275390625,LN3,Different Super-Peer
1,TestClient-1-74288b44-30ac-4c75-a146-4afa6a747ef5-70e1937b-8569-4ed7-977b-d5620e8d4426,0.0,LN2,Same Super-Peer
1,TestClient-1-74288b44-30ac-4c75-a146-4afa6a747ef5-70e1937b-8569-4ed7-977b-d5620e8d4426,2.6738643646240234,LN3,Different Super-Peer
1,TestClient-1-74288b44-30ac-4c75-a146-4afa6a747ef5-1e1c1955-5731-4265-b68f-ceee931c176b,0.0,LN2,Same Super-Peer
1,TestClient-1-74288b44-30ac-4c75-a146-4afa6a747ef5-1e1c1955-5731-4265-b68f-ceee931c176b,1.5795230865478516,LN3,Different Super-Peer
1,TestClient-1-74288b44-30ac-4c75-a146-4afa6a747ef5-f809a5dd-1371-4cc4-b38a-213234a41f69,0.3650188446044922,LN2,Same Super-Peer
1,TestClient-1-74288b44-30ac-4c75-a146-4afa6a747ef5-f809a5dd-1371-4cc4-b38a-213234a41f69,1.3937950134277344,LN3,Different Super-Peer
1,TestClient-1-74288b44-30ac-4c75-a146-4afa6a747ef5-21c6058c-9063-4408-b839-26d92825fc99,0.3578662872314453,LN2,Same Super-Peer
1,TestClient-1-74288b44-30ac-4c75-a146-4afa6a747ef5-21c6058c-9063-4408-b839-26d92825fc99,4.418611526489258,LN3,Different Super-Peer
1,TestClient-1-74288b44-30ac-4c75-a146-4afa6a747ef5-fdd4bc68-183f-41a2-a809-2100986664cc,0.1723766326904297,LN2,Same Super-Peer
1,TestClient-1-74288b44-30ac-4c75-a146-4afa6a747ef5-fdd4bc68-183f-41a2-a809-2100986664cc,2.846240997314453,LN3,Different Super-Peer
1,TestClient-1-74288b44-30ac-4c75-a146-4afa6a747ef5-7e9cc837-329a-48a1-b911-2c2490064ade,0.2007484436035156,LN2,Same Super-Peer
1,TestClient-1-74288b44-30ac-4c75-a146-4afa6a747ef5-7e9cc837-329a-48a1-b911-2c2490064ade,1.2404918670654297,LN3,Different Super-Peer
1,TestClient-1-74288b44-30ac-4c75-a146-4afa6a747ef5-1683a7f5-2793-4d4b-bc5d-b4241f7c38fa,0.2045631408691406,LN2,Same Super-Peer
1,TestClient-1-74288b44-30ac-4c75-a146-4afa6a747ef5-1683a7f5-2793-4d4b-bc5d-b4241f7c38fa,1.2357234954833984,LN3,Different Super-Peer
1,TestClient-1-74288b44-30ac-4c75-a146-4afa6a747ef5-919cfcb3-1bcf-4144-bcf4-713ad16d4311,0.0,LN2,Same Super-Peer
1,TestClient-1-74288b44-30ac-4c75-a146-4afa6a747ef5-919cfcb3-1bcf-4144-bcf4-713ad16d4311,2.102136611938477,LN3,Different Super-Peer
1,TestClient-1-74288b44-30ac-4c75-a146-4afa6a747ef5-9f15b875-f7c0-4054-9781-3b8725fb2e26,0.2968311309814453,LN2,Same Super-Peer
1,TestClient-1-74288b44-30ac-4c75-a146-4afa6a747ef5-9f15b875-f7c0-4054-9781-3b8725fb2e26,1.3201236724853516,LN3,Different Super-Peer
1,TestClient-1-74288b44-30ac-4c75-a146-4afa6a747ef5-4fba16b0-2699-4308-8ae5-08aa7ab9c470,0.2167224884033203,LN2,Same Super-Peer
1,TestClient-1-74288b44-30ac-4c75-a146-4afa6a747ef5-4fba16b0-2699-4308-8ae5-08aa7ab9c470,1.2540817260742188,LN3,Different Super-Peer
1,TestClient-1-74288b44-30ac-4c75-a146-4afa6a747ef5-a743872e-9d05-481a-9703-aa6cf28a6d3d,0.2641677856445312,LN2,Same Super-Peer
1,TestClient-1-74288b44-30ac-4c75-a146-4afa6a747ef5-a743872e-9d05-481a-9703-aa6cf28a6d3d,0.9636878967285156,LN3,Different Super-Peer
1,TestClient-1-74288b44-30ac-4c75-a146-4afa6a747ef5-49351556-1cc4-4f58-88d4-16ae7a5ed7f4,0.5116462707519531,LN2,Same Super-Peer
1,TestClient-1-74288b44-30ac-4c75-a146-4afa6a747ef5-49351556-1cc4-4f58-88d4-16ae7a5ed7f4,1.5590190887451172,LN3,Different Super-Peer
1,TestClient-1-74288b44-30ac-4c75-a146-4afa6a747ef5-5268c050-34df-4376-b540-a2fbcc543dc7,0.2732276916503906,LN2,Same Super-Peer
1,TestClient-1-74288b44-30ac-4c75-a146-4afa6a747ef5-5268c050-34df-4376-b540-a2fbcc543dc7,1.838922500610352,LN3,Different Super-Peer
1,TestClient-1-74288b44-30ac-4c75-a146-4afa6a747ef5-445848c9-c8c8-4619-bcf5-f95deb43fdfb,0.0,LN2,Same Super-Peer
1,TestClient-1-74288b44-30ac-4c75-a146-4afa6a747ef5-445848c9-c8c8-4619-bcf5-f95deb43fdfb,3.273248672485352,LN3,Different Super-Peer
1,TestClient-1-74288b44-30ac-4c75-a146-4afa6a747ef5-e8013e45-58ff-4a8d-b9bc-ddbc3f8da3c9,0.0874996185302734,LN2,Same Super-Peer
1,TestClient-1-74288b44-30ac-4c75-a146-4afa6a747ef5-e8013e45-58ff-4a8d-b9bc-ddbc3f8da3c9,1.1157989501953125,LN3,Different Super-Peer
1,TestClient-1-74288b44-30ac-4c75-a146-4afa6a747ef5-a9a0d871-1413-4a12-a57e-9540f991faad,0.2238750457763672,LN2,Same Super-Peer
1,TestClient-1-74288b44-30ac-4c75-a146-4afa6a747ef5-a9a0d871-1413-4a12-a57e-9540f991faad,1.2543201446533203,LN3,Different Super-Peer
1,TestClient-1-74288b44-30ac-4c75-a146-4afa6a747ef5-3682d400-e9ff-4066-ae12-5f8e2c4cb051,0.0,LN2,Same Super-Peer
1,TestClient-1-74288b44-30ac-4c75-a146-4afa6a747ef5-3682d400-e9ff-4066-ae12-5f8e2c4cb051,1.5666484832763672,LN3,Different Super-Peer
1,TestClient-1-74288b44-30ac-4c75-a146-4afa6a747ef5-f923b358-fcca-4dea-bce4-93c9be8ff257,0.2524852752685547,LN2,Same Super-Peer
1,TestClient-1-74288b44-30ac-4c75-a146-4afa6a747ef5-f923b358-fcca-4dea-bce4-93c9be8ff257,2.386808395385742,LN3,Different Super-Peer
1,TestClient-1-74288b44-30ac-4c75-a146-4afa6a747ef5-0012b30b-9c07-4bcc-bce3-b7cf3051ea8b,0.1959800720214843,LN2,Same Super-Peer
1,TestClient-1-74288b44-30ac-4c75-a146-4afa6a747ef5-0012b30b-9c07-4bcc-bce3-b7cf3051ea8b,1.220703125,LN3,Different Super-Peer
1,TestClient-1-74288b44-30ac-4c75-a146-4afa6a747ef5-2e0a4f0e-bd8d-4044-a0ef-81c84a72c2ae,0.2260208129882812,LN2,Same Super-Peer
1,TestClient-1-74288b44-30ac-4c75-a146-4afa6a747ef5-2e0a4f0e-bd8d-4044-a0ef-81c84a72c2ae,1.2691020965576172,LN3,Different Super-Peer
1,TestClient-1-74288b44-30ac-4c75-a146-4afa6a747ef5-4a25ec1f-4835-4b7d-baa7-2e57e6362f2a,0.1332759857177734,LN2,Same Super-Peer
1,TestClient-1-74288b44-30ac-4c75-a146-4afa6a747ef5-4a25ec1f-4835-4b7d-baa7-2e57e6362f2a,1.1684894561767578,LN3,Different Super-Peer
1,TestClient-1-74288b44-30ac-4c75-a146-4afa6a747ef5-27cabbb0-637b-46f7-9388-cb3657a561b5,0.2293586730957031,LN2,Same Super-Peer
1,TestClient-1-74288b44-30ac-4c75-a146-4afa6a747ef5-27cabbb0-637b-46f7-9388-cb3657a561b5,1.257181167602539,LN3,Different Super-Peer
1,TestClient-1-74288b44-30ac-4c75-a146-4afa6a747ef5-bdac6d60-3e0f-4e8b-b7e0-64e5ce6ed315,0.1952648162841797,LN2,Same Super-Peer
1,TestClient-1-74288b44-30ac-4c75-a146-4afa6a747ef5-bdac6d60-3e0f-4e8b-b7e0-64e5ce6ed315,1.2404918670654297,LN3,Different Super-Peer
1,TestClient-1-74288b44-30ac-4c75-a146-4afa6a747ef5-705cf500-92d3-4094-86aa-c729abcc80f0,0.1587867736816406,LN2,Same Super-Peer
1,TestClient-1-74288b44-30ac-4c75-a146-4afa6a747ef5-705cf500-92d3-4094-86aa-c729abcc80f0,2.8531551361083984,LN3,Different Super-Peer
1,TestClient-1-74288b44-30ac-4c75-a146-4afa6a747ef5-5f27d6f9-1db5-4d09-9faf-cd95b273b688,0.1788139343261718,LN2,Same Super-Peer
1,TestClient-1-74288b44-30ac-4c75-a146-4afa6a747ef5-5f27d6f9-1db5-4d09-9faf-cd95b273b688,1.8417835235595703,LN3,Different Super-Peer
1,TestClient-1-74288b44-30ac-4c75-a146-4afa6a747ef5-4f75dc09-6a92-43a1-83da-6863766f68fe,0.1809597015380859,LN2,Same Super-Peer
1,TestClient-1-74288b44-30ac-4c75-a146-4afa6a747ef5-4f75dc09-6a92-43a1-83da-6863766f68fe,1.761674880981445,LN3,Different Super-Peer
1,TestClient-1-74288b44-30ac-4c75-a146-4afa6a747ef5-62d62c6d-b23f-4396-bcb6-0a87ed667f08,0.2057552337646484,LN2,Same Super-Peer
1,TestClient-1-74288b44-30ac-4c75-a146-4afa6a747ef5-62d62c6d-b23f-4396-bcb6-0a87ed667f08,4.53948974609375,LN3,Different Super-Peer
1,TestClient-1-74288b44-30ac-4c75-a146-4afa6a747ef5-3e7e68fd-6d55-45a7-ac20-57b9c522a900,0.7226467132568359,LN2,Same Super-Peer
1,TestClient-1-74288b44-30ac-4c75-a146-4afa6a747ef5-3e7e68fd-6d55-45a7-ac20-57b9c522a900,7.362842559814453,LN3,Different Super-Peer
1,TestClient-1-74288b44-30ac-4c75-a146-4afa6a747ef5-2657f2d7-5874-4f7a-bec8-8813c77806ab,0.0,LN2,Same Super-Peer
1,TestClient-1-74288b44-30ac-4c75-a146-4afa6a747ef5-2657f2d7-5874-4f7a-bec8-8813c77806ab,4.519939422607422,LN3,Different Super-Peer
1,TestClient-1-74288b44-30ac-4c75-a146-4afa6a747ef5-dfe8305a-478a-4fa4-a76a-c1d8cea05fdc,0.6773471832275391,LN2,Same Super-Peer
1,TestClient-1-74288b44-30ac-4c75-a146-4afa6a747ef5-dfe8305a-478a-4fa4-a76a-c1d8cea05fdc,1.84011459350586,LN3,Different Super-Peer
1,TestClient-1-74288b44-30ac-4c75-a146-4afa6a747ef5-e72aa610-f981-4f90-886d-385d379b1bb4,0.0,LN2,Same Super-Peer
1,TestClient-1-74288b44-30ac-4c75-a146-4afa6a747ef5-e72aa610-f981-4f90-886d-385d379b1bb4,1.775503158569336,LN3,Different Super-Peer
1,TestClient-1-74288b44-30ac-4c75-a146-4afa6a747ef5-ded4a1dd-6c41-4955-93f7-4bb62b385004,0.1873970031738281,LN2,Same Super-Peer
1,TestClient-1-74288b44-30ac-4c75-a146-4afa6a747ef5-ded4a1dd-6c41-4955-93f7-4bb62b385004,4.13966178894043,LN3,Different Super-Peer
1,TestClient-1-74288b44-30ac-4c75-a146-4afa6a747ef5-78198afa-0b9a-4ae6-bb36-0a60857582d8,0.1630783081054687,LN2,Same Super-Peer
1,TestClient-1-74288b44-30ac-4c75-a146-4afa6a747ef5-78198afa-0b9a-4ae6-bb36-0a60857582d8,1.7170906066894531,LN3,Different Super-Peer
1,TestClient-1-74288b44-30ac-4c75-a146-4afa6a747ef5-7316ff6b-96fb-448b-a272-d914b91a6406,0.152587890625,LN2,Same Super-Peer
1,TestClient-1-74288b44-30ac-4c75-a146-4afa6a747ef5-7316ff6b-96fb-448b-a272-d914b91a6406,1.7125606536865234,LN3,Different Super-Peer
1,TestClient-1-74288b44-30ac-4c75-a146-4afa6a747ef5-f0d1f6dd-60b2-4ac2-805c-36f5ec437b57,0.158548355102539,LN2,Same Super-Peer
1,TestClient-1-74288b44-30ac-4c75-a146-4afa6a747ef5-f0d1f6dd-60b2-4ac2-805c-36f5ec437b57,3.1774044036865234,LN3,Different Super-Peer
1,TestClient-1-74288b44-30ac-4c75-a146-4afa6a747ef5-e33c9ba8-a614-4745-97b5-0ad7062c7e7c,0.0,LN2,Same Super-Peer
1,TestClient-1-74288b44-30ac-4c75-a146-4afa6a747ef5-e33c9ba8-a614-4745-97b5-0ad7062c7e7c,1.5637874603271484,LN3,Different Super-Peer
1,TestClient-1-74288b44-30ac-4c75-a146-4afa6a747ef5-9e8a6caa-5de7-4649-9611-1c278d6962df,0.1566410064697265,LN2,Same Super-Peer
1,TestClient-1-74288b44-30ac-4c75-a146-4afa6a747ef5-9e8a6caa-5de7-4649-9611-1c278d6962df,1.7087459564208984,LN3,Different Super-Peer
1,TestClient-1-74288b44-30ac-4c75-a146-4afa6a747ef5-39199aee-746a-47fc-bea7-834b4584168d,0.0,LN2,Same Super-Peer
1,TestClient-1-74288b44-30ac-4c75-a146-4afa6a747ef5-39199aee-746a-47fc-bea7-834b4584168d,3.228187561035156,LN3,Different Super-Peer
1,TestClient-1-74288b44-30ac-4c75-a146-4afa6a747ef5-5f3c9669-4c4f-4269-9bbf-268a63ca4878,0.0,LN2,Same Super-Peer
1,TestClient-1-74288b44-30ac-4c75-a146-4afa6a747ef5-5f3c9669-4c4f-4269-9bbf-268a63ca4878,1.555681228637695,LN3,Different Super-Peer
1,TestClient-1-74288b44-30ac-4c75-a146-4afa6a747ef5-c3732550-a5ce-4e3b-9ba5-829cc1b15997,0.1986026763916015,LN2,Same Super-Peer
1,TestClient-1-74288b44-30ac-4c75-a146-4afa6a747ef5-c3732550-a5ce-4e3b-9ba5-829cc1b15997,3.461122512817383,LN3,Different Super-Peer
1,TestClient-1-74288b44-30ac-4c75-a146-4afa6a747ef5-3ebd4e52-147e-4a2b-b2fe-2088bed6ffc2,0.0,LN2,Same Super-Peer
1,TestClient-1-74288b44-30ac-4c75-a146-4afa6a747ef5-3ebd4e52-147e-4a2b-b2fe-2088bed6ffc2,3.4036636352539062,LN3,Different Super-Peer
1,TestClient-1-74288b44-30ac-4c75-a146-4afa6a747ef5-c0af2c86-8e81-4a76-8260-f44ce2999acb,0.0,LN2,Same Super-Peer
1,TestClient-1-74288b44-30ac-4c75-a146-4afa6a747ef5-c0af2c86-8e81-4a76-8260-f44ce2999acb,1.5616416931152344,LN3,Different Super-Peer
1,TestClient-1-74288b44-30ac-4c75-a146-4afa6a747ef5-7c4dca86-5d1d-4e72-9053-bb056e08affa,0.0,LN2,Same Super-Peer
1,TestClient-1-74288b44-30ac-4c75-a146-4afa6a747ef5-7c4dca86-5d1d-4e72-9053-bb056e08affa,2.099037170410156,LN3,Different Super-Peer
1,TestClient-1-74288b44-30ac-4c75-a146-4afa6a747ef5-3ae0fb8e-880c-464f-bf85-ffadd52c75cc,0.0,LN2,Same Super-Peer
1,TestClient-1-74288b44-30ac-4c75-a146-4afa6a747ef5-3ae0fb8e-880c-464f-bf85-ffadd52c75cc,2.712249755859375,LN3,Different Super-Peer
1,TestClient-1-74288b44-30ac-4c75-a146-4afa6a747ef5-efceba66-ed4d-4b9d-8674-ed7185f290a5,0.2164840698242187,LN2,Same Super-Peer
1,TestClient-1-74288b44-30ac-4c75-a146-4afa6a747ef5-efceba66-ed4d-4b9d-8674-ed7185f290a5,2.361536026000977,LN3,Different Super-Peer
1,TestClient-1-74288b44-30ac-4c75-a146-4afa6a747ef5-a700cc16-ab98-4155-9478-09f934db59ad,0.1914501190185547,LN2,Same Super-Peer
1,TestClient-1-74288b44-30ac-4c75-a146-4afa6a747ef5-a700cc16-ab98-4155-9478-09f934db59ad,1.220703125,LN3,Different Super-Peer
1,TestClient-1-74288b44-30ac-4c75-a146-4afa6a747ef5-137679b8-b04c-4008-ba57-9a62ae0de40e,0.2210140228271484,LN2,Same Super-Peer
1,TestClient-1-74288b44-30ac-4c75-a146-4afa6a747ef5-137679b8-b04c-4008-ba57-9a62ae0de40e,2.498865127563477,LN3,Different Super-Peer
1,TestClient-1-74288b44-30ac-4c75-a146-4afa6a747ef5-67169ab1-97ac-4ac1-a5ab-d807778f3aea,0.3223419189453125,LN2,Same Super-Peer
1,TestClient-1-74288b44-30ac-4c75-a146-4afa6a747ef5-67169ab1-97ac-4ac1-a5ab-d807778f3aea,1.3580322265625,LN3,Different Super-Peer
1,TestClient-1-74288b44-30ac-4c75-a146-4afa6a747ef5-829e9b6c-3f9d-461f-9eb8-7385ab423d02,0.0,LN2,Same Super-Peer
1,TestClient-1-74288b44-30ac-4c75-a146-4afa6a747ef5-829e9b6c-3f9d-461f-9eb8-7385ab423d02,1.0313987731933594,LN3,Different Super-Peer
1,TestClient-1-74288b44-30ac-4c75-a146-4afa6a747ef5-383faff3-218b-4b9e-8171-3e84c2641e15,0.0,LN2,Same Super-Peer
1,TestClient-1-74288b44-30ac-4c75-a146-4afa6a747ef5-383faff3-218b-4b9e-8171-3e84c2641e15,1.057147979736328,LN3,Different Super-Peer
1,TestClient-1-74288b44-30ac-4c75-a146-4afa6a747ef5-71cfd827-6824-438f-b054-87bfca40806e,0.223398208618164,LN2,Same Super-Peer
1,TestClient-1-74288b44-30ac-4c75-a146-4afa6a747ef5-71cfd827-6824-438f-b054-87bfca40806e,2.296924591064453,LN3,Different Super-Peer
1,TestClient-1-74288b44-30ac-4c75-a146-4afa6a747ef5-b980176b-c50b-4a6d-b200-cb76bbdf2b2d,0.1895427703857422,LN2,Same Super-Peer
1,TestClient-1-74288b44-30ac-4c75-a146-4afa6a747ef5-b980176b-c50b-4a6d-b200-cb76bbdf2b2d,2.2687911987304688,LN3,Different Super-Peer
1,TestClient-1-74288b44-30ac-4c75-a146-4afa6a747ef5-9cbb74be-f0a7-43fd-8155-72f3ce3782cc,0.5118846893310547,LN2,Same Super-Peer
1,TestClient-1-74288b44-30ac-4c75-a146-4afa6a747ef5-9cbb74be-f0a7-43fd-8155-72f3ce3782cc,1.5866756439208984,LN3,Different Super-Peer
1,TestClient-1-74288b44-30ac-4c75-a146-4afa6a747ef5-af81f73a-4e1c-4ed4-9815-58ce566cc5ae,0.1790523529052734,LN2,Same Super-Peer
1,TestClient-1-74288b44-30ac-4c75-a146-4afa6a747ef5-af81f73a-4e1c-4ed4-9815-58ce566cc5ae,1.2357234954833984,LN3,Different Super-Peer
1,TestClient-1-74288b44-30ac-4c75-a146-4afa6a747ef5-1c3f03f1-bb68-4e46-a216-6ed1ca42cfdb,0.1902580261230468,LN2,Same Super-Peer
1,TestClient-1-74288b44-30ac-4c75-a146-4afa6a747ef5-1c3f03f1-bb68-4e46-a216-6ed1ca42cfdb,2.9799938201904297,LN3,Different Super-Peer
1,TestClient-1-74288b44-30ac-4c75-a146-4afa6a747ef5-88ec63c8-8e63-457f-958c-4336df35be69,0.2071857452392578,LN2,Same Super-Peer
1,TestClient-1-74288b44-30ac-4c75-a146-4afa6a747ef5-88ec63c8-8e63-457f-958c-4336df35be69,1.239776611328125,LN3,Different Super-Peer
1,TestClient-1-74288b44-30ac-4c75-a146-4afa6a747ef5-35fb5775-f4cf-404a-acb2-ebbd0b8c1fdd,0.0,LN2,Same Super-Peer
1,TestClient-1-74288b44-30ac-4c75-a146-4afa6a747ef5-35fb5775-f4cf-404a-acb2-ebbd0b8c1fdd,2.645492553710937,LN3,Different Super-Peer
1,TestClient-1-74288b44-30ac-4c75-a146-4afa6a747ef5-a534694a-7e2a-40a2-8343-20e9c28df3e8,0.2017021179199218,LN2,Same Super-Peer
1,TestClient-1-74288b44-30ac-4c75-a146-4afa6a747ef5-a534694a-7e2a-40a2-8343-20e9c28df3e8,3.5965442657470703,LN3,Different Super-Peer
1,TestClient-1-74288b44-30ac-4c75-a146-4afa6a747ef5-f70306a7-cc68-4567-9758-56bbbbcabe51,0.0,LN2,Same Super-Peer
1,TestClient-1-74288b44-30ac-4c75-a146-4afa6a747ef5-f70306a7-cc68-4567-9758-56bbbbcabe51,1.0268688201904297,LN3,Different Super-Peer
1,TestClient-1-74288b44-30ac-4c75-a146-4afa6a747ef5-25f1099c-705e-4928-986f-77fd853be104,0.1914501190185547,LN2,Same Super-Peer
1,TestClient-1-74288b44-30ac-4c75-a146-4afa6a747ef5-25f1099c-705e-4928-986f-77fd853be104,6.317853927612305,LN3,Different Super-Peer
1,TestClient-1-74288b44-30ac-4c75-a146-4afa6a747ef5-6bc5456c-1fc9-4499-ae84-822ef6c9cc22,1.0271072387695312,LN2,Same Super-Peer
1,TestClient-1-74288b44-30ac-4c75-a146-4afa6a747ef5-6bc5456c-1fc9-4499-ae84-822ef6c9cc22,5.893707275390625,LN3,Different Super-Peer
1,TestClient-1-74288b44-30ac-4c75-a146-4afa6a747ef5-068cc6f3-b1bf-4d56-8098-077715d4a336,0.5125999450683594,LN2,Same Super-Peer
1,TestClient-1-74288b44-30ac-4c75-a146-4afa6a747ef5-068cc6f3-b1bf-4d56-8098-077715d4a336,4.075288772583008,LN3,Different Super-Peer
1,TestClient-1-74288b44-30ac-4c75-a146-4afa6a747ef5-325d3936-bdcf-412d-9218-e5fd93101a50,0.7810592651367188,LN2,Same Super-Peer
1,TestClient-1-74288b44-30ac-4c75-a146-4afa6a747ef5-325d3936-bdcf-412d-9218-e5fd93101a50,4.3544769287109375,LN3,Different Super-Peer
1,TestClient-1-74288b44-30ac-4c75-a146-4afa6a747ef5-fb9b7b75-f95c-40c5-84f0-6f4bac9e9bb1,0.2317428588867187,LN2,Same Super-Peer
1,TestClient-1-74288b44-30ac-4c75-a146-4afa6a747ef5-fb9b7b75-f95c-40c5-84f0-6f4bac9e9bb1,3.6721229553222656,LN3,Different Super-Peer
1,TestClient-1-74288b44-30ac-4c75-a146-4afa6a747ef5-f26804df-834d-4152-a1ca-d79a7add1adc,0.1933574676513672,LN2,Same Super-Peer
1,TestClient-1-74288b44-30ac-4c75-a146-4afa6a747ef5-f26804df-834d-4152-a1ca-d79a7add1adc,2.3276805877685547,LN3,Different Super-Peer
1,TestClient-1-74288b44-30ac-4c75-a146-4afa6a747ef5-6bf4ca59-4a45-4fdd-8613-86a2db49ae77,0.5331039428710938,LN2,Same Super-Peer
1,TestClient-1-74288b44-30ac-4c75-a146-4afa6a747ef5-6bf4ca59-4a45-4fdd-8613-86a2db49ae77,3.192424774169922,LN3,Different Super-Peer
1,TestClient-1-74288b44-30ac-4c75-a146-4afa6a747ef5-902c7783-b79d-4b37-ac82-9011385b8e8b,0.339508056640625,LN2,Same Super-Peer
1,TestClient-1-74288b44-30ac-4c75-a146-4afa6a747ef5-902c7783-b79d-4b37-ac82-9011385b8e8b,1.9059181213378904,LN3,Different Super-Peer
1,TestClient-1-74288b44-30ac-4c75-a146-4afa6a747ef5-2caa505b-4a37-4f57-9135-0b6c27d2113a,0.5605220794677734,LN2,Same Super-Peer
1,TestClient-1-74288b44-30ac-4c75-a146-4afa6a747ef5-2caa505b-4a37-4f57-9135-0b6c27d2113a,3.4215450286865234,LN3,Different Super-Peer
1,TestClient-1-74288b44-30ac-4c75-a146-4afa6a747ef5-b56373e9-54e7-48fa-9586-1ae63ee39092,0.0,LN2,Same Super-Peer
1,TestClient-1-74288b44-30ac-4c75-a146-4afa6a747ef5-b56373e9-54e7-48fa-9586-1ae63ee39092,1.5604496002197266,LN3,Different Super-Peer
1,TestClient-1-74288b44-30ac-4c75-a146-4afa6a747ef5-18a87dfe-3d41-4386-a302-cb925481add3,0.0,LN2,Same Super-Peer
1,TestClient-1-74288b44-30ac-4c75-a146-4afa6a747ef5-18a87dfe-3d41-4386-a302-cb925481add3,1.5559196472167969,LN3,Different Super-Peer
1,TestClient-1-74288b44-30ac-4c75-a146-4afa6a747ef5-ca67cd7c-f624-4e10-975c-e25f920b293d,0.0,LN2,Same Super-Peer
1,TestClient-1-74288b44-30ac-4c75-a146-4afa6a747ef5-ca67cd7c-f624-4e10-975c-e25f920b293d,2.089977264404297,LN3,Different Super-Peer
1,TestClient-1-74288b44-30ac-4c75-a146-4afa6a747ef5-1cadf755-4913-461a-af1b-f03f68fff973,0.2362728118896484,LN2,Same Super-Peer
1,TestClient-1-74288b44-30ac-4c75-a146-4afa6a747ef5-1cadf755-4913-461a-af1b-f03f68fff973,1.268148422241211,LN3,Different Super-Peer
1,TestClient-1-74288b44-30ac-4c75-a146-4afa6a747ef5-236a5905-b969-4a56-98c0-c5d2fcdaf23e,0.1702308654785156,LN2,Same Super-Peer
1,TestClient-1-74288b44-30ac-4c75-a146-4afa6a747ef5-236a5905-b969-4a56-98c0-c5d2fcdaf23e,2.2590160369873047,LN3,Different Super-Peer
1,TestClient-1-74288b44-30ac-4c75-a146-4afa6a747ef5-e290f6fe-fbe7-4afd-98aa-9933c2a8a287,0.0,LN2,Same Super-Peer
1,TestClient-1-74288b44-30ac-4c75-a146-4afa6a747ef5-e290f6fe-fbe7-4afd-98aa-9933c2a8a287,2.14838981628418,LN3,Different Super-Peer
1,TestClient-1-74288b44-30ac-4c75-a146-4afa6a747ef5-970d915b-c6e5-44a8-b4ce-1d6c43013810,0.0,LN2,Same Super-Peer
1,TestClient-1-74288b44-30ac-4c75-a146-4afa6a747ef5-970d915b-c6e5-44a8-b4ce-1d6c43013810,1.1148452758789062,LN3,Different Super-Peer
1,TestClient-1-74288b44-30ac-4c75-a146-4afa6a747ef5-e702338e-54a5-4168-8d6a-cadc8c35ce3a,0.2686977386474609,LN2,Same Super-Peer
1,TestClient-1-74288b44-30ac-4c75-a146-4afa6a747ef5-e702338e-54a5-4168-8d6a-cadc8c35ce3a,2.919912338256836,LN3,Different Super-Peer
1,TestClient-1-74288b44-30ac-4c75-a146-4afa6a747ef5-733b34a4-a4e5-40ef-99fc-ba56ed6aaa46,0.0,LN2,Same Super-Peer
1,TestClient-1-74288b44-30ac-4c75-a146-4afa6a747ef5-733b34a4-a4e5-40ef-99fc-ba56ed6aaa46,1.0268688201904297,LN3,Different Super-Peer
1,TestClient-1-74288b44-30ac-4c75-a146-4afa6a747ef5-52f9bca1-54c1-408b-a4d5-ad6513f7c1e1,0.3044605255126953,LN2,Same Super-Peer
1,TestClient-1-74288b44-30ac-4c75-a146-4afa6a747ef5-52f9bca1-54c1-408b-a4d5-ad6513f7c1e1,1.338481903076172,LN3,Different Super-Peer
1,TestClient-1-74288b44-30ac-4c75-a146-4afa6a747ef5-5ada679e-0177-4b24-b3b0-652bf1cfb13b,0.0,LN2,Same Super-Peer
1,TestClient-1-74288b44-30ac-4c75-a146-4afa6a747ef5-5ada679e-0177-4b24-b3b0-652bf1cfb13b,1.5804767608642578,LN3,Different Super-Peer
1,TestClient-1-74288b44-30ac-4c75-a146-4afa6a747ef5-b5648e81-57de-49a1-b791-6c8d533fb602,0.1397132873535156,LN2,Same Super-Peer
1,TestClient-1-74288b44-30ac-4c75-a146-4afa6a747ef5-b5648e81-57de-49a1-b791-6c8d533fb602,2.4940967559814453,LN3,Different Super-Peer
1,TestClient-1-74288b44-30ac-4c75-a146-4afa6a747ef5-307d317e-d461-4840-bb7f-5cba46827400,0.1573562622070312,LN2,Same Super-Peer
1,TestClient-1-74288b44-30ac-4c75-a146-4afa6a747ef5-307d317e-d461-4840-bb7f-5cba46827400,2.233266830444336,LN3,Different Super-Peer
1,TestClient-1-74288b44-30ac-4c75-a146-4afa6a747ef5-34c07020-7668-4ce2-8e92-fdcf8d1298a7,0.1363754272460937,LN2,Same Super-Peer
1,TestClient-1-74288b44-30ac-4c75-a146-4afa6a747ef5-34c07020-7668-4ce2-8e92-fdcf8d1298a7,1.6922950744628906,LN3,Different Super-Peer
1,TestClient-1-74288b44-30ac-4c75-a146-4afa6a747ef5-dd22060b-45d2-4f3d-9788-9387074061c2,0.2048015594482422,LN2,Same Super-Peer
1,TestClient-1-74288b44-30ac-4c75-a146-4afa6a747ef5-dd22060b-45d2-4f3d-9788-9387074061c2,1.239299774169922,LN3,Different Super-Peer
1,TestClient-1-74288b44-30ac-4c75-a146-4afa6a747ef5-ee84d996-9a16-407e-afc3-e2c59cae51e4,0.0,LN2,Same Super-Peer
1,TestClient-1-74288b44-30ac-4c75-a146-4afa6a747ef5-ee84d996-9a16-407e-afc3-e2c59cae51e4,1.5926361083984375,LN3,Different Super-Peer
1,TestClient-1-74288b44-30ac-4c75-a146-4afa6a747ef5-1965e2c7-0883-4a66-aece-b493396dc219,0.1878738403320312,LN2,Same Super-Peer
1,TestClient-1-74288b44-30ac-4c75-a146-4afa6a747ef5-1965e2c7-0883-4a66-aece-b493396dc219,3.0014514923095703,LN3,Different Super-Peer
1,TestClient-1-74288b44-30ac-4c75-a146-4afa6a747ef5-3c9faa30-8678-4927-8b80-1bb0f237c27f,0.1010894775390625,LN2,Same Super-Peer
1,TestClient-1-74288b44-30ac-4c75-a146-4afa6a747ef5-3c9faa30-8678-4927-8b80-1bb0f237c27f,1.1241436004638672,LN3,Different Super-Peer
1,TestClient-1-74288b44-30ac-4c75-a146-4afa6a747ef5-8ab9f758-f4a8-42f0-abec-d6838eee5643,0.1902580261230468,LN2,Same Super-Peer
1,TestClient-1-74288b44-30ac-4c75-a146-4afa6a747ef5-8ab9f758-f4a8-42f0-abec-d6838eee5643,2.2597312927246094,LN3,Different Super-Peer
1,TestClient-1-74288b44-30ac-4c75-a146-4afa6a747ef5-7a9f98c6-f360-4ced-97f0-0e6e32bfec75,0.1454353332519531,LN2,Same Super-Peer
1,TestClient-1-74288b44-30ac-4c75-a146-4afa6a747ef5-7a9f98c6-f360-4ced-97f0-0e6e32bfec75,1.2009143829345703,LN3,Different Super-Peer
1,TestClient-1-74288b44-30ac-4c75-a146-4afa6a747ef5-a32d03a4-38c2-4d5e-8ffd-e3ee69fc80ee,0.1976490020751953,LN2,Same Super-Peer
1,TestClient-1-74288b44-30ac-4c75-a146-4afa6a747ef5-a32d03a4-38c2-4d5e-8ffd-e3ee69fc80ee,1.2154579162597656,LN3,Different Super-Peer
1,TestClient-1-74288b44-30ac-4c75-a146-4afa6a747ef5-c7824ba6-e821-4153-9556-1a78d1b69b0d,0.1730918884277343,LN2,Same Super-Peer
1,TestClient-1-74288b44-30ac-4c75-a146-4afa6a747ef5-c7824ba6-e821-4153-9556-1a78d1b69b0d,1.188516616821289,LN3,Different Super-Peer
1,TestClient-1-74288b44-30ac-4c75-a146-4afa6a747ef5-93a57fd2-971d-4d0c-8d71-3af676af540d,0.1194477081298828,LN2,Same Super-Peer
1,TestClient-1-74288b44-30ac-4c75-a146-4afa6a747ef5-93a57fd2-971d-4d0c-8d71-3af676af540d,3.3159255981445312,LN3,Different Super-Peer
1,TestClient-1-74288b44-30ac-4c75-a146-4afa6a747ef5-7dc62ddd-583b-4dd9-96f5-6e887e020480,0.3485679626464844,LN2,Same Super-Peer
1,TestClient-1-74288b44-30ac-4c75-a146-4afa6a747ef5-7dc62ddd-583b-4dd9-96f5-6e887e020480,2.447843551635742,LN3,Different Super-Peer
1,TestClient-1-74288b44-30ac-4c75-a146-4afa6a747ef5-4bc8c3e5-d7f9-40b2-a62f-632d85aea6bc,0.1327991485595703,LN2,Same Super-Peer
1,TestClient-1-74288b44-30ac-4c75-a146-4afa6a747ef5-4bc8c3e5-d7f9-40b2-a62f-632d85aea6bc,1.6698837280273438,LN3,Different Super-Peer
1,TestClient-1-74288b44-30ac-4c75-a146-4afa6a747ef5-30f96d6f-fd4a-4b5c-ad6d-a35049d618b4,0.135660171508789,LN2,Same Super-Peer
1,TestClient-1-74288b44-30ac-4c75-a146-4afa6a747ef5-30f96d6f-fd4a-4b5c-ad6d-a35049d618b4,1.1775493621826172,LN3,Different Super-Peer
1,TestClient-1-74288b44-30ac-4c75-a146-4afa6a747ef5-b052987f-d981-4656-9d22-e4433d2b68f7,0.0,LN2,Same Super-Peer
1,TestClient-1-74288b44-30ac-4c75-a146-4afa6a747ef5-b052987f-d981-4656-9d22-e4433d2b68f7,1.5609264373779297,LN3,Different Super-Peer
1,TestClient-1-74288b44-30ac-4c75-a146-4afa6a747ef5-819f5232-5d23-4177-943e-44c513245f7f,0.1399517059326172,LN2,Same Super-Peer
1,TestClient-1-74288b44-30ac-4c75-a146-4afa6a747ef5-819f5232-5d23-4177-943e-44c513245f7f,1.1751651763916016,LN3,Different Super-Peer
1,TestClient-1-74288b44-30ac-4c75-a146-4afa6a747ef5-4de6e2c8-6b5b-4e12-bb01-fe330ec8413b,0.2510547637939453,LN2,Same Super-Peer
1,TestClient-1-74288b44-30ac-4c75-a146-4afa6a747ef5-4de6e2c8-6b5b-4e12-bb01-fe330ec8413b,1.8093585968017576,LN3,Different Super-Peer
1,TestClient-1-74288b44-30ac-4c75-a146-4afa6a747ef5-9dea56b5-e66e-445b-9a20-152b0aae2a2e,0.0,LN2,Same Super-Peer
1,TestClient-1-74288b44-30ac-4c75-a146-4afa6a747ef5-9dea56b5-e66e-445b-9a20-152b0aae2a2e,1.598834991455078,LN3,Different Super-Peer
1,TestClient-1-74288b44-30ac-4c75-a146-4afa6a747ef5-811146a5-d8e0-461a-813a-4cab6a7c8469,0.0,LN2,Same Super-Peer
1,TestClient-1-74288b44-30ac-4c75-a146-4afa6a747ef5-811146a5-d8e0-461a-813a-4cab6a7c8469,1.1219978332519531,LN3,Different Super-Peer
1,TestClient-1-74288b44-30ac-4c75-a146-4afa6a747ef5-7cbd3254-2696-4ff9-9d62-0e06d76cc20d,0.0,LN2,Same Super-Peer
1,TestClient-1-74288b44-30ac-4c75-a146-4afa6a747ef5-7cbd3254-2696-4ff9-9d62-0e06d76cc20d,3.2546520233154297,LN3,Different Super-Peer
1,TestClient-1-74288b44-30ac-4c75-a146-4afa6a747ef5-21047c08-a12a-4fea-83ad-128bb15b5015,0.5049705505371094,LN2,Same Super-Peer
1,TestClient-1-74288b44-30ac-4c75-a146-4afa6a747ef5-21047c08-a12a-4fea-83ad-128bb15b5015,1.5664100646972656,LN3,Different Super-Peer
1,TestClient-1-74288b44-30ac-4c75-a146-4afa6a747ef5-04ad55eb-529a-4b07-8d0d-1736c1af2bb2,0.0,LN2,Same Super-Peer
1,TestClient-1-74288b44-30ac-4c75-a146-4afa6a747ef5-04ad55eb-529a-4b07-8d0d-1736c1af2bb2,2.7971267700195312,LN3,Different Super-Peer
1,TestClient-1-74288b44-30ac-4c75-a146-4afa6a747ef5-591c9cd9-35cd-4ce0-8fa6-55f0d0f1ed65,0.22125244140625,LN2,Same Super-Peer
1,TestClient-1-74288b44-30ac-4c75-a146-4afa6a747ef5-591c9cd9-35cd-4ce0-8fa6-55f0d0f1ed65,2.994537353515625,LN3,Different Super-Peer
1,TestClient-1-74288b44-30ac-4c75-a146-4afa6a747ef5-cb9cc526-144e-4dce-b219-ffa8cecc10da,0.2458095550537109,LN2,Same Super-Peer
1,TestClient-1-74288b44-30ac-4c75-a146-4afa6a747ef5-cb9cc526-144e-4dce-b219-ffa8cecc10da,3.304719924926758,LN3,Different Super-Peer
1,TestClient-1-74288b44-30ac-4c75-a146-4afa6a747ef5-860238bf-b0c1-4da0-9243-a6381e09028f,0.2820491790771484,LN2,Same Super-Peer
1,TestClient-1-74288b44-30ac-4c75-a146-4afa6a747ef5-860238bf-b0c1-4da0-9243-a6381e09028f,6.502866744995117,LN3,Different Super-Peer
1,TestClient-1-74288b44-30ac-4c75-a146-4afa6a747ef5-33b9d5dc-d80b-424b-a7ea-6b562b6012eb,0.3063678741455078,LN2,Same Super-Peer
1,TestClient-1-74288b44-30ac-4c75-a146-4afa6a747ef5-33b9d5dc-d80b-424b-a7ea-6b562b6012eb,2.0630359649658203,LN3,Different Super-Peer
1,TestClient-1-74288b44-30ac-4c75-a146-4afa6a747ef5-9000e441-400c-4da1-9f2e-322129050b8e,0.2131462097167968,LN2,Same Super-Peer
1,TestClient-1-74288b44-30ac-4c75-a146-4afa6a747ef5-9000e441-400c-4da1-9f2e-322129050b8e,1.781463623046875,LN3,Different Super-Peer
1,TestClient-1-74288b44-30ac-4c75-a146-4afa6a747ef5-580c033c-8dbc-45ee-9dee-d99e19efabf6,0.0,LN2,Same Super-Peer
1,TestClient-1-74288b44-30ac-4c75-a146-4afa6a747ef5-580c033c-8dbc-45ee-9dee-d99e19efabf6,2.178430557250977,LN3,Different Super-Peer
1,TestClient-1-74288b44-30ac-4c75-a146-4afa6a747ef5-b9562b01-985f-40cb-8c6a-2566e495597a,0.2164840698242187,LN2,Same Super-Peer
1,TestClient-1-74288b44-30ac-4c75-a146-4afa6a747ef5-b9562b01-985f-40cb-8c6a-2566e495597a,3.445148468017578,LN3,Different Super-Peer
1,TestClient-1-74288b44-30ac-4c75-a146-4afa6a747ef5-ad48422f-3fb0-41cd-92b8-ae13742438ad,0.2312660217285156,LN2,Same Super-Peer
1,TestClient-1-74288b44-30ac-4c75-a146-4afa6a747ef5-ad48422f-3fb0-41cd-92b8-ae13742438ad,2.3288726806640625,LN3,Different Super-Peer
1,TestClient-1-74288b44-30ac-4c75-a146-4afa6a747ef5-ea2ed1ae-6e78-4058-9d4b-3306f0dc6791,0.0,LN2,Same Super-Peer
1,TestClient-1-74288b44-30ac-4c75-a146-4afa6a747ef5-ea2ed1ae-6e78-4058-9d4b-3306f0dc6791,1.7473697662353516,LN3,Different Super-Peer
1,TestClient-1-74288b44-30ac-4c75-a146-4afa6a747ef5-ad0ad981-a452-4e96-9ee6-cf5ef28cc8d8,0.2429485321044922,LN2,Same Super-Peer
1,TestClient-1-74288b44-30ac-4c75-a146-4afa6a747ef5-ad0ad981-a452-4e96-9ee6-cf5ef28cc8d8,1.268148422241211,LN3,Different Super-Peer
1,TestClient-1-74288b44-30ac-4c75-a146-4afa6a747ef5-cf2d5412-a3b9-4973-bcd3-0d392a005873,0.2219676971435547,LN2,Same Super-Peer
1,TestClient-1-74288b44-30ac-4c75-a146-4afa6a747ef5-cf2d5412-a3b9-4973-bcd3-0d392a005873,1.7933845520019531,LN3,Different Super-Peer
1,TestClient-1-74288b44-30ac-4c75-a146-4afa6a747ef5-942f2bd1-8353-4b8a-b734-90b9c1498a78,0.2989768981933594,LN2,Same Super-Peer
1,TestClient-1-74288b44-30ac-4c75-a146-4afa6a747ef5-942f2bd1-8353-4b8a-b734-90b9c1498a78,1.8703937530517576,LN3,Different Super-Peer
1,TestClient-1-74288b44-30ac-4c75-a146-4afa6a747ef5-2446fd32-3ae4-4107-a975-4b06468d28d1,0.0,LN2,Same Super-Peer
1,TestClient-1-74288b44-30ac-4c75-a146-4afa6a747ef5-2446fd32-3ae4-4107-a975-4b06468d28d1,2.118349075317383,LN3,Different Super-Peer
1,TestClient-1-74288b44-30ac-4c75-a146-4afa6a747ef5-ef406171-4747-48f0-be31-1fcee99f7ae7,0.0,LN2,Same Super-Peer
1,TestClient-1-74288b44-30ac-4c75-a146-4afa6a747ef5-ef406171-4747-48f0-be31-1fcee99f7ae7,1.5554428100585938,LN3,Different Super-Peer
1,TestClient-1-74288b44-30ac-4c75-a146-4afa6a747ef5-d841458d-4d3a-4fa5-8259-a946e906411a,0.1873970031738281,LN2,Same Super-Peer
1,TestClient-1-74288b44-30ac-4c75-a146-4afa6a747ef5-d841458d-4d3a-4fa5-8259-a946e906411a,1.2090206146240234,LN3,Different Super-Peer
